NodeNumber	Zpos	Ypos	Xpos	Fzz	Fzy	Fzx	Zdisp	Fyz	Fyy	Fyx	Ydisp	Fxz	Fxy	Fxx	Xdisp	error	iterations	returnStatus	deltaPhiNorm
1.0000000	299.5000000	249.5000000	249.5000000	1.0006654	-0.0000098	-0.0000406	1.4490538	0.0000126	1.0006810	-0.0004546	-0.0089177	0.0000509	0.0004826	1.0006873	-0.0466845	226.2554626	3.0000000	2.0000000	0.0000600
